{"images":[{"extent":"full-screen","orientation":"portrait","idiom":"iphone","filename":"iPhoneXPortraitiOS11_375x812pt@3x.png","minimum-system-version":"11.0","scale":"3x"},{"extent":"full-screen","orientation":"portrait","idiom":"iphone","filename":"iPhonePortraitiOS89_414x736pt@3x.png","minimum-system-version":"8.0","scale":"3x"},{"extent":"full-screen","orientation":"portrait","idiom":"iphone","filename":"iPhonePortraitiOS89_375x667pt@2x.png","minimum-system-version":"8.0","scale":"2x"},{"extent":"full-screen","orientation":"portrait","idiom":"iphone","filename":"iPhonePortraitiOS789_320x480pt@2x.png","minimum-system-version":"7.0","scale":"2x"},{"extent":"full-screen","orientation":"portrait","idiom":"iphone","filename":"iPhonePortraitiOS789_320x568pt@2x.png","minimum-system-version":"7.0","scale":"2x"},{"extent":"full-screen","orientation":"portrait","idiom":"iphone","filename":"iPhonePortraitiOS56_320x480pt.png","minimum-system-version":"5.0","scale":"1x"},{"extent":"full-screen","orientation":"portrait","idiom":"iphone","filename":"iPhonePortraitiOS56_320x480pt@2x.png","minimum-system-version":"5.0","scale":"2x"},{"extent":"full-screen","orientation":"portrait","idiom":"iphone","filename":"iPhonePortraitiOS56_320x568pt@2x.png","minimum-system-version":"5.0","scale":"2x"}],"info":{"version":1,"author":"xcode"}}